企業コード,上場状況,企業名,企業名（カナ）,郵便番号,所在地,代表者名,代表者名（カナ）,電話番号,売上（2022）,利益（2022）,売上（2021）,利益（2021）,売上（2020）,利益（2020）
202709,上場,煌星商事,ｺｳｾｲｼｮｳｼﾞ,689-1221,鳥取県鳥取市用瀬町古用瀬４５０３３,荒井　金吾,ｱﾗｲ ｷﾝｺﾞ,0857-04-1308,"72,867,868","28,965,915","75,664,378","51,971,670","26,072,458","11,213,880"
930562,未上場,虹架橋技研,ﾆｼﾞｶｷｮｳｷﾞｹﾝ,879-0443,大分県宇佐市葛原１－１７－１,金山　夏海,ｶﾅﾔﾏ ﾅﾂﾐ,097-946-7743,"83,815,573","27,151,014","54,883,331","45,696,885","91,716,685","10,957,511"
821518,未上場,輝石化学,ｷｾｷｶｶﾞｸ,692-0404,島根県安来市広瀬町広瀬３８２１４,原田　長吉,ﾊﾗﾀﾞ ﾁｮｳｷﾁ,0852-09-8788,"76,435,495","57,056,836","60,895,518","17,100,235","95,591,073","31,389,171"
531851,未上場,銀翔通信,ｷﾞﾝｼｮｳﾂｳｼﾝ,399-0424,長野県上伊那郡辰野町赤羽１－１５－６,本村　瀬那,ﾓﾄﾑﾗ ｾﾅ,0268-7-7661,"53,624,814","7,985,680","59,879,654","9,570,054","46,285,782","30,067,661"
841756,未上場,瑞宝電機,ｽﾞｲﾎｳﾃﾞﾝｷ,515-1502,三重県松阪市飯高町宮前４４９７２,三原　望美,ﾐﾊﾗ ﾉｿﾞﾐ,059-77-0349,"51,531,109","47,957,484","33,571,694","49,129,351","81,562,700","32,674,778"
561768,未上場,千羽鶴製作所,ｾﾝﾊﾞﾂﾙｾｲｻｸｼﾞｮ,220-0002,神奈川県横浜市西区南軽井沢４５０００,金子　佳穂,ｶﾈｺ ｶﾎ,044-438-0213,"10,666,184","8,187,751","36,938,513","7,162,680","2,827,703","3,961,313"
993327,未上場,紅葉情報システムズ,ｺｳﾖｳｼﾞｮｳﾎｳｼｽﾃﾑｽﾞ,689-1466,鳥取県八頭郡智頭町波多３６９９９,根本　頼子,ﾈﾓﾄ ﾖﾘｺ,0858-65-6968,"22,012,650","14,107,123","85,053,629","10,547,623","7,833,965","10,775,753"
241757,上場,白虹電気,ﾊｸｺｳﾃﾞﾝｷ,188-0011,東京都西東京市田無町３７１７５フォレスト田無町３１４,藤谷　玲磨,ﾌｼﾞﾀﾆ ﾚｲﾏ,03-9651-2213,"61,955,982","56,934,172","10,661,635","47,901,800","20,293,441","50,343,197"
804472,上場,百福物産,ﾋｬｸﾌｸﾌﾞｯｻﾝ,761-1616,香川県高松市菅沢町３－１４－６,志村　芳子,ｼﾑﾗ ﾖｼｺ,0875-09-9615,"3,334,883","1,496,326","39,938,625","707,876","39,233,824","1,240,747"
170412,上場,光輝総合病院,ｺｳｷｿｳｺﾞｳﾋﾞｮｳｲﾝ,896-0075,鹿児島県いちき串木野市金山４－２０－１,野呂　紀男,ﾉﾛ ﾉﾘｵ,099-446-5528,"57,906,161","52,768,017","75,669,141","48,524,328","14,179,195","19,118,813"
193404,未上場,桜花製薬,ｻｸﾗｶｾｲﾔｸ,038-0054,青森県青森市奥内４４９３５奥内プラザ４０７,新垣　愛華,ｱﾗｶﾞｷ ｱｲｶ,017-976-6297,"6,360,075","3,231,785","15,083,323","4,027,301","61,577,262","3,757,346"
976311,未上場,鳳凰金属,ﾎｳｵｳｷﾝｿﾞｸ,668-0863,兵庫県豊岡市上鉢山２－２０－１２,谷口　友和,ﾀﾆｸﾞﾁ ﾄﾓｶｽﾞ,078-790-9907,"56,998,995","21,565,605","7,647,193","41,058,918","88,090,719","32,364,939"
852353,上場,流星情報通信,ﾘｭｳｾｲｼﾞｮｳﾎｳﾂｳｼﾝ,919-0526,福井県坂井市坂井町上兵庫４５０２３坂井町上兵庫ハウス４００,山根　文音,ﾔﾏﾈ ｱﾔﾈ,0778-92-5364,"59,206,764","12,354,391","81,733,541","8,074,275","77,025,616","9,310,929"
619971,上場,東方電子,ﾄｳﾎｳﾃﾞﾝｼ,929-0302,石川県河北郡津幡町木ノ窪３７０２９,大田　勝三,ｵｵﾀ ｶﾂｿﾞｳ,0767-4-7573,"58,781,918","33,442,404","51,698,078","27,669,417","87,574,054","31,535,195"
330246,未上場,金獅子商事,ｷﾝｼｼｼｮｳｼﾞ,339-0023,埼玉県さいたま市岩槻区野孫３７８３４ガーデン野孫１０１,長谷　茂,ﾅｶﾞﾔ ｼｹﾞﾙ,04-3814-2692,"74,238,593","46,447,105","10,435,110","33,262,253","11,233,864","67,027,372"
316939,上場,銀鳩興産,ｷﾞﾝﾊﾄｳｺｳｻﾝ,590-0957,大阪府堺市堺区中之町西４－２０－１,櫻井　文平,ｻｸﾗｲ ﾌﾞﾝﾍﾟｲ,06-733-6726,"82,058,919","28,449,259","68,899,643","28,413,038","13,030,129","15,700,089"
151277,上場,虹彩エンジニアリング,ｺｳｻｲｴﾝｼﾞﾆｱﾘﾝｸﾞ,562-0046,大阪府箕面市桜ケ丘３８１５８,大平　千枝子,ｵｵﾋﾗ ﾁｴｺ,06-7726-4850,"85,740,770","44,857,796","65,846,571","36,935,466","866,720","16,123,952"
605984,上場,千代田物流,ﾁﾖﾀﾞﾌﾞﾂﾘｭｳ,719-3126,岡山県真庭市向津矢４４９９６,杉村　堂下,ｽｷﾞﾑﾗ ﾄﾞｳｼﾀ,0863-59-2635,"22,441,310","22,318,228","68,171,395","16,970,388","12,452,889","15,480,637"
891183,上場,三光繊維,ｻﾝｺｳｾﾝｲ,327-0842,栃木県佐野市奈良渕町３７３９１奈良渕町キャッスル１１４,西谷　郁代,ﾆｼﾀﾆ ｲｸﾖ,028-091-0650,"52,229,558","17,078,680","15,622,363","10,493,886","82,716,321","39,029,169"
138779,未上場,一真堂書店,ｲｯｼﾝﾄﾞｳｼｮﾃﾝ,794-2541,愛媛県越智郡上島町魚島二番耕地３８２７２,篠原　奈々,ｼﾉﾊﾗ ﾅﾅ,089-017-6835,"3,833,402","3,471,459","82,946,909","1,165,896","89,200,935","386,101"
970062,上場,昭和電機工業,ｼｮｳﾜﾃﾞﾝｷｺｳｷﾞｮｳ,108-0073,東京都港区三田１－１８－１４三田マンション４１６,荒木　克洋,ｱﾗｷ ｶﾂﾋﾛ,03-1751-8992,"17,116,325","5,056,167","69,984,652","4,036,824","68,980,039","1,899,826"
157605,未上場,西山商事,ﾆｼﾔﾏｼｮｳｼﾞ,966-0921,福島県喜多方市慶徳町松舞家３－１４－１３,尾崎　健吾,ｵｻﾞｷ ｹﾝｺﾞ,024-030-4129,"41,674,474","36,176,680","29,848,818","32,608,832","23,488,041","18,659,990"
666817,上場,北園物産,ｷﾀｿﾉﾌﾞｯｻﾝ,365-0066,埼玉県鴻巣市三ツ木２－１８－１８ダイヤモンド三ツ木１０３,荒川　菜都子,ｱﾗｶﾜ ﾅﾂｺ,04-3498-9120,"71,840,184","45,816,505","30,066,125","49,132,727","55,246,333","31,280,067"
462874,上場,南風貿易,ﾐﾅﾐｶｾﾞﾎﾞｳｴｷ,417-0834,静岡県富士市西柏原新田３７４４６,梅沢　由貴,ｳﾒｻﾞﾜ ﾕｷ,055-169-9709,"31,857,239","17,641,897","88,947,993","23,450,945","7,528,035","30,935,136"
655322,上場,東京パイプ,ﾄｳｷｮｳﾊﾟｲﾌﾟ,515-2513,三重県津市一志町虹が丘２－１８－８一志町虹が丘レジデンス４１４,杉浦　季衣,ｽｷﾞｳﾗ ﾄｼｴ,059-480-1334,"68,643,038","56,397,513","80,011,171","25,625,481","39,189,675","57,625,474"
255653,上場,月光百貨店,ｹﾞﾂｺｳﾋｬｯｶﾃﾝ,716-0024,岡山県高梁市大工町４４９６３,上山　哲雄,ｶﾐﾔﾏ ﾃﾂｵ,086-86-0454,"33,526,399","32,154,489","96,969,622","32,730,897","17,376,227","29,224,614"
853523,未上場,星海興業,ｾｲｶｲｺｳｷﾞｮｳ,637-1105,奈良県吉野郡十津川村林３８１１５林プレイス２０６,村岡　千裕,ﾑﾗｵｶ ﾁﾋﾛ,0747-9-9472,"95,751,128","24,051,399","54,406,768","22,895,624","7,506,490","61,177,468"
194826,未上場,鳳来産業,ﾎｳﾗｲｻﾝｷﾞｮｳ,921-8122,石川県金沢市清瀬町２－１５－２,大浦　奈穂,ｵｵｳﾗ ﾅﾎ,076-119-8759,"12,073,874","8,516,894","41,005,230","2,094,741","93,867,652","6,378,560"
344113,未上場,緑風建設,ﾐﾄﾞﾘｶｾﾞｹﾝｾﾂ,649-7114,和歌山県伊都郡かつらぎ町西飯降４－１７－１０ロイヤルパレス西飯降３００,栗田　小夏,ｸﾘﾀ ｺﾅﾂ,073-568-1654,"98,523,746","90,224,416","75,928,031","78,897,216","87,657,823","96,663,278"
202728,上場,大和銀行,ﾀﾞｲﾜｷﾞﾝｺｳ,936-0811,富山県滑川市大浦４４９６７テラス大浦２１２,高見　道男,ﾀｶﾐ ﾐﾁｵ,076-59-8228,"81,546,473","26,836,795","71,233,380","60,670,412","30,368,515","14,491,979"
607139,未上場,虹川商事,ﾆｼﾞｶﾜｼｮｳｼﾞ,620-0967,京都府福知山市畑中４－１４－１,高梨　佐登子,ﾀｶﾅｼ ｻﾄｺ,077-127-2690,"6,621,006","3,916,670","22,990,144","3,699,948","28,759,811","864,872"
625571,上場,桜庭物産,ｻｸﾗﾊﾞﾌﾞｯｻﾝ,518-1401,三重県伊賀市千戸４４９７６ゴールデン千戸１１５,飯田　音葉,ｲｲﾀﾞ ｵﾄﾊ,059-707-2796,"34,636,927","27,912,852","27,487,299","3,743,071","86,351,380","9,777,091"
121717,未上場,陽光銀行,ﾖｳｺｳｷﾞﾝｺｳ,817-1412,長崎県対馬市峰町佐賀１－１４－５,三島　京香,ﾐｼﾏ ｷｮｳｶ,0920-90-6540,"92,728,986","30,228,899","21,373,833","35,223,911","24,530,684","41,825,299"
840039,上場,名門製紙,ﾒｲﾓﾝｾｲｼ,936-0811,富山県滑川市大浦３－１３－１３,寺岡　志能舞,ﾃﾗｵｶ ｼﾉﾌﾞ,076-936-1482,"70,022,319","55,741,511","52,192,137","36,057,995","78,408,340","24,114,691"
474508,未上場,新星電子,ｼﾝｾｲﾃﾞﾝｼ,624-0118,京都府舞鶴市西方寺３８１２１,植木　浩秋,ｳｴｷ ﾋﾛｱｷ,0774-97-7920,"33,975,822","15,238,555","82,724,128","16,286,585","80,426,005","22,007,235"
149317,未上場,雲海通信,ｳﾝｶｲﾂｳｼﾝ,907-0004,沖縄県石垣市登野城３８０２２登野城マンション４０２,高畑　陽子,ﾀｶﾊﾀ ﾖｳｺ,098-718-7534,"37,939,506","12,636,833","67,497,281","7,752,486","79,874,726","30,840,746"
518276,上場,白鳥興産,ﾊｸﾁｮｳｺｳｻﾝ,689-1412,鳥取県八頭郡智頭町芦津３７５４３プラチナ芦津２１５,都築　貴美,ﾂｽﾞｷ ｷﾐ,0859-68-6538,"96,801,892","18,750,698","44,812,594","50,311,285","49,648,353","30,302,166"
630284,未上場,東洋繊維,ﾄｳﾖｳｾﾝｲ,270-1354,千葉県印西市武西４５００４武西メゾン４１０,遠藤　奈穂,ｴﾝﾄﾞｳ ﾅﾎ,04-4978-4105,"87,752,198","55,521,479","48,932,494","17,031,403","67,705,341","24,178,018"
973830,上場,緑葉酒造,ﾘｮｸﾖｳｼｭｿﾞｳ,409-2103,山梨県南巨摩郡南部町万沢３７４２４,秋葉　夏葵咲,ｱｷﾊﾞ ﾅｷﾞｻ,055-178-3604,"1,449,485","1,329,397","19,614,792","342,808","69,091,616","1,141,220"
748708,未上場,黒龍貿易,ｺｸﾘｭｳﾎﾞｳｴｷ,479-0075,愛知県常滑市菅場２－１６－１０,長沢　喜代,ﾅｶﾞｻﾜ ｷﾖ,0564-41-4493,"48,388,429","47,629,964","73,514,785","35,080,170","41,895,790","13,396,288"
465081,未上場,大樹製薬,ﾀﾞｲｼﾞｭｾｲﾔｸ,865-0047,熊本県玉名市川島２－１３－２,岩下　暁子,ｲﾜｼﾀ ｱｷｺ,096-912-2116,"7,963,231","1,216,681","74,513,220","2,435,707","49,774,325","2,137,399"
416279,未上場,金星銀行,ｷﾝｾｲｷﾞﾝｺｳ,840-0516,佐賀県佐賀市富士町梅野１－１８－１４,島崎　公雄,ｼﾏｻﾞｷ ｷﾐｵ,0952-38-7400,"31,742,378","15,946,410","44,133,220","24,248,260","55,154,785","6,666,688"
129629,上場,寿川建設,ｼﾞｭｶﾜｹﾝｾﾂ,515-2303,三重県松阪市嬉野宮古町３８２７４,新保　清太郎,ｼﾝﾎﾟ ｾｲﾀﾛｳ,0598-97-6920,"74,004,995","71,726,142","66,029,683","32,620,730","58,044,534","71,414,131"
507923,上場,春日物流,ｶｽｶﾞﾌﾞﾂﾘｭｳ,927-1442,石川県珠洲市狼煙新町４５００３,北野　千夏,ｷﾀﾉ ﾁﾅﾂ,076-9-2172,"68,585,177","44,338,820","51,760,552","40,427,998","95,604,257","8,037,338"
798988,未上場,百瀬商事,ﾓﾓｾｼｮｳｼﾞ,910-3514,福井県福井市水谷町１－１８－１８,熊倉　政春,ｸﾏｸﾗ ﾏｻﾊﾙ,0770-46-4505,"71,062,153","21,956,089","3,970,754","40,550,847","37,726,137","21,342,801"
620969,上場,神風金属,ｶﾐｶｾﾞｷﾝｿﾞｸ,400-0834,山梨県甲府市落合町１－１７－７落合町ヒル２０９,中澤　慶太,ﾅｶｻﾞﾜ ｹｲﾀ,055-387-6090,"59,672,828","14,111,210","85,415,961","47,725,257","75,219,427","49,025,534"
993603,未上場,華山総合病院,ｶｻﾞﾝｿｳｺﾞｳﾋﾞｮｳｲﾝ,904-2235,沖縄県うるま市前原３７９９８,森脇　綾華,ﾓﾘﾜｷ ｱﾔｶ,098-528-6296,"72,754,044","72,123,971","44,098,939","17,902,157","1,161,543","58,142,540"
840688,上場,蒼海エンジニアリング,ｿｳｶｲｴﾝｼﾞﾆｱﾘﾝｸﾞ,019-1934,秋田県大仙市南外田尻３７４５７,栗田　帆南海,ｸﾘﾀ ﾎﾅﾐ,018-801-6666,"15,344,795","6,554,169","9,976,533","10,965,660","74,040,437","15,298,875"
111715,上場,鳳凰情報システムズ,ﾎｳｵｳｼﾞｮｳﾎｳｼｽﾃﾑｽﾞ,036-1506,青森県弘前市昴３８００６テラス昴３０８,三好　千鶴,ﾐﾖｼ ﾁﾂﾞﾙ,0174-74-0719,"92,718,915","89,006,812","19,596,141","27,182,086","73,339,360","75,938,711"
576041,上場,松風電機,ﾏﾂｶｾﾞﾃﾞﾝｷ,731-5125,広島県広島市佐伯区五日市駅前１－１９－１３ロイヤルパレス五日市駅前３１８,柏木　莉菜,ｶｼﾜｷﾞ ﾘﾅ,0824-29-4914,"24,056,652","22,913,998","22,363,697","6,687,300","52,722,630","19,159,384"
298785,上場,月影鉄工所,ﾂｷｶｹﾞﾃｯｺｳｼﾞｮ,854-0513,長崎県雲仙市小浜町南本町３７１９８,奥野　則明,ｵｸﾉ ﾉﾘｱｷ,095-105-7917,"3,606,162","3,098,579","13,653,370","548,509","30,340,986","801,741"
762081,上場,春日化学,ｶｽｶﾞｶｶﾞｸ,600-8154,京都府京都市下京区榎木町３７３３２,寺岡　和秀,ﾃﾗｵｶ ｶｽﾞﾋﾃﾞ,077-632-8814,"13,378,580","4,347,666","56,084,010","12,179,687","71,888,562","10,263,424"
689724,未上場,冬木鋼鉄,ﾌﾕｷｺｳﾃﾂ,333-0808,埼玉県川口市長蔵新田４４９９４長蔵新田レジデンス４０２,平田　一憲,ﾋﾗﾀ ｶｽﾞﾉﾘ,049-320-3991,"99,431,741","56,261,554","18,302,137","73,332,629","86,372,984","69,104,409"
853577,未上場,宇宙通信,ｳﾁｭｳﾂｳｼﾝ,068-0424,北海道夕張市千代田４４９６７,松崎　音葉,ﾏﾂｻﾞｷ ｵﾄﾊ,0163-26-0993,"70,725,717","20,384,618","16,663,613","9,894,721","89,458,657","50,413,890"
801139,上場,三日月製作所,ﾐｶﾂﾞｷｾｲｻｸｼﾞｮ,861-3524,熊本県上益城郡山都町藤木４４９６１,千葉　昌枝,ﾁﾊﾞ ﾏｻｴ,096-589-3112,"15,216,710","15,096,680","96,711,730","14,415,271","65,660,831","6,005,003"
290502,上場,星海化学,ｾｲｶｲｶｶﾞｸ,859-6314,長崎県佐世保市吉井町田原４４９７４吉井町田原テラス３１９,水野　卓,ﾐｽﾞﾉ ﾀｶｼ,0957-04-5319,"70,485,878","24,904,139","576,740","64,777,037","60,438,138","69,539,217"
479936,上場,蒼空物産,ｿｳｸｳﾌﾞｯｻﾝ,319-0325,茨城県水戸市小林町３７６８４タウン小林町４１８,鳴海　杏衣子,ﾅﾙﾐ ｱｲｺ,0299-5-7424,"17,470,629","1,977,584","79,038,636","12,204,538","42,265,017","15,707,446"
128000,上場,太陽銀行,ﾀｲﾖｳｷﾞﾝｺｳ,231-0814,神奈川県横浜市中区豊浦町１－１９－１６豊浦町ランド３０１,磯部　一太郎,ｲｿﾍﾞ ｲﾁﾀﾛｳ,045-936-3835,"99,606,946","89,459,332","27,538,061","22,543,030","46,608,021","75,719,090"
760105,上場,黒崎電機,ｸﾛｻｷﾃﾞﾝｷ,964-0893,福島県二本松市幸町３－１８－１８,日下部　直行,ｸｻｶﾍﾞ ﾅｵﾕｷ,024-286-0664,"61,566,420","48,989,685","44,767,872","59,511,133","46,055,675","19,018,886"
139376,未上場,鳳来製薬,ﾎｳﾗｲｾｲﾔｸ,891-8328,鹿児島県大島郡伊仙町崎原４－１７－２０,栗本　健介,ｸﾘﾓﾄ ｹﾝｽｹ,099-910-7108,"95,744,869","45,205,396","20,525,785","15,094,474","85,601,658","65,521,630"
746682,未上場,雲海物流,ｳﾝｶｲﾌﾞﾂﾘｭｳ,923-0332,石川県小松市湯上町４４９６９コート湯上町１０２,茂木　奏,ﾓｷﾞ ｶﾅﾃﾞ,076-753-2852,"45,056,816","10,953,694","29,381,587","24,675,209","53,072,881","16,741,166"
614033,上場,神風貿易,ｶﾐｶｾﾞﾎﾞｳｴｷ,709-0805,岡山県赤磐市二井４５０２７キャッスル二井１１６,田端　正之,ﾀﾊﾞﾀ ﾏｻﾕｷ,0869-36-2566,"66,710,797","59,135,678","14,959,372","59,798,598","44,652,866","29,300,364"
997579,上場,新月電子,ｼﾝｹﾞﾂﾃﾞﾝｼ,409-1315,山梨県甲州市勝沼町等々力３８２０２,高瀬　省吾,ﾀｶｾ ｼｮｳｺﾞ,0555-52-7037,"94,993,356","51,777,474","99,991,654","12,094,504","97,544,616","79,853,120"
246860,未上場,華蓮製紙,ｶﾚﾝｾｲｼ,014-0202,秋田県大仙市上鶯野４－２０－１８上鶯野荘３１４,高橋　由衣,ﾀｶﾊｼ ﾕｲ,018-740-6867,"73,461,721","47,969,666","3,717,094","39,011,895","38,896,493","47,914,415"
456140,未上場,桜花化学,ｻｸﾗｶｶｶﾞｸ,410-0308,静岡県沼津市柳沢３－１７－４柳沢タウン１０２,荒井　咲奈,ｱﾗｲ ｻｷﾅ,054-408-2285,"20,627,280","9,854,150","65,955,402","7,281,779","37,984,001","5,353,683"
510475,上場,神楽銀行,ｶｸﾞﾗｷﾞﾝｺｳ,615-0905,京都府京都市右京区梅津石灘町３７７７７梅津石灘町プレイス１０５,矢口　貴士,ﾔｸﾞﾁ ﾀｶｼ,0771-94-1168,"52,835,453","30,417,645","9,101,246","49,709,035","67,819,335","6,601,871"
953438,未上場,冬木織物,ﾌﾕｷｵﾘﾓﾉ,319-3513,茨城県久慈郡大子町大生瀬４４９９９,松原　寿,ﾏﾂﾊﾞﾗ ﾋｻｼ,0297-39-3395,"56,611,533","41,778,938","76,945,749","55,909,837","65,905,066","44,112,307"
596284,上場,白鳥貿易,ﾊｸﾁｮｳﾎﾞｳｴｷ,648-0037,和歌山県橋本市賢堂３８１５３ハウス賢堂３１５,島津　小百合,ｼﾏﾂﾞ ｻﾕﾘ,073-95-1097,"72,532,069","32,593,964","67,712,523","56,221,319","76,943,362","57,004,345"
635871,上場,星海建設,ｾｲｶｲｹﾝｾﾂ,639-0202,奈良県北葛城郡上牧町桜ケ丘１－１６－８,西原　妃菜,ﾆｼﾊﾗ ﾋﾅ,0746-97-2703,"64,909,578","56,816,429","45,769,527","12,420,261","80,457,705","9,619,252"
329299,上場,紅陽製作所,ｺｳﾖｳｾｲｻｸｼﾞｮ,399-9211,長野県北安曇郡白馬村神城４４９６５,田淵　結芽,ﾀﾌﾞﾁ ﾕﾒ,026-313-2608,"36,697,300","30,735,036","66,061,526","11,369,114","91,030,960","27,651,598"
124960,上場,三峰総合病院,ｻﾝﾎﾟｳｿｳｺﾞｳﾋﾞｮｳｲﾝ,709-0623,岡山県岡山市東区城東台南１－１６－９,細野　雅信,ﾎｿﾉ ﾏｻﾉﾌﾞ,086-096-5238,"62,788,668","41,775,127","57,533,817","37,100,299","41,175,988","42,931,896"
500031,未上場,樹海物産,ｼﾞｭｶｲﾌﾞｯｻﾝ,675-1376,兵庫県小野市丸山町４－１７－１５,宮地　七海,ﾐﾔﾁ ﾅﾅﾐ,078-750-0017,"53,388,260","12,354,512","40,519,418","22,066,643","66,303,238","11,539,220"
709182,未上場,銀波通信,ｷﾞﾝﾊﾂｳｼﾝ,986-1332,宮城県石巻市雄勝町小島３７６５９,横山　紗英,ﾖｺﾔﾏ ｻｴ,022-846-4714,"89,082,936","83,024,017","64,475,665","59,049,220","12,360,427","32,897,681"
704913,上場,黒石金属,ｸﾛｲｼｷﾝｿﾞｸ,039-3353,青森県東津軽郡平内町田茂木３７７７８,岡本　典大,ｵｶﾓﾄ ﾉﾘﾋﾛ,0173-39-8977,"88,030,297","54,942,960","67,098,183","45,309,026","43,939,064","51,948,473"
237327,未上場,春日産業,ｶｽｶﾞｻﾝｷﾞｮｳ,930-2101,富山県富山市山田中瀬３７５４４山田中瀬テラス２０４,荒木　海人,ｱﾗｷ ｱﾏﾄ,076-487-0131,"8,718,819","4,294,555","48,633,830","4,193,603","92,487,200","7,658,120"
455225,未上場,太陽酒造,ﾀｲﾖｳｼｭｿﾞｳ,018-2805,秋田県能代市轟１－１６－６,大坪　鉄男,ｵｵﾂﾎﾞ ﾃﾂｵ,018-482-6899,"32,850,360","26,694,386","97,073,571","24,354,754","47,369,164","23,052,827"
596671,未上場,緑葉興産,ﾘｮｸﾖｳｺｳｻﾝ,669-3163,兵庫県丹波市山南町山本３７４０８山南町山本ヴィレッジ４１８,田崎　香,ﾀｻﾞｷ ｶｵﾙ,079-115-2730,"16,477,435","6,070,023","77,102,879","9,092,720","79,381,885","3,116,989"
459375,未上場,白虹エンジニアリング,ﾊｸｺｳｴﾝｼﾞﾆｱﾘﾝｸﾞ,571-0009,大阪府門真市下馬伏町３８１５６下馬伏町プレシャス３０５,森本　幸也,ﾓﾘﾓﾄ ﾕｷﾔ,06-4194-4336,"39,653,871","23,424,309","21,452,344","20,516,754","88,803,328","12,859,498"
142936,未上場,東洋鋼鉄,ﾄｳﾖｳｺｳﾃﾂ,851-0244,長崎県長崎市大崎町４４９９３大崎町スカイ４０２,郡司　綾華,ｸﾞﾝｼﾞ ｱﾔｶ,0950-80-1581,"23,113,981","13,027,233","99,233,466","14,661,304","13,449,795","15,996,134"
530860,未上場,瑞宝銀行,ｽﾞｲﾎｳｷﾞﾝｺｳ,939-0508,富山県富山市水橋西浜町４５０２１水橋西浜町タワー２０８,小坂　祐介,ｵｻｶ ﾕｳｽｹ,076-341-4119,"80,968,470","45,075,387","68,884,666","36,916,813","43,548,904","10,279,541"
310637,上場,千羽鶴製薬,ｾﾝﾊﾞﾂﾙｾｲﾔｸ,400-0203,山梨県南アルプス市徳永４４９２７,高野　雫,ﾀｶﾉ ｼｽﾞｸ,0553-13-3546,"61,063,835","53,458,875","97,003,642","42,330,654","6,570,757","58,743,119"
145951,未上場,金星興業,ｷﾝｾｲｺｳｷﾞｮｳ,959-0416,新潟県新潟市西蒲区浦村４－１８－１浦村の杜４１７,出口　葉子,ﾃﾞｸﾁ ﾖｳｺ,025-815-2179,"6,591,005","1,263,811","1,289,271","4,553,422","16,827,530","766,655"
588298,上場,流星通信,ﾘｭｳｾｲﾂｳｼﾝ,292-0033,千葉県木更津市犬成４５０２５,林田　文隆,ﾊﾔｼﾀﾞ ﾌﾐﾀｶ,04-2722-1840,"11,651,956","3,705,893","11,872,965","4,157,665","50,705,896","7,600,193"
612900,上場,紅葉製紙,ｺｳﾖｳｾｲｼ,988-0207,宮城県気仙沼市岩月宝ケ沢４４９６９,古市　勇雄,ﾌﾙｲﾁ ｲｻｵ,022-944-0244,"53,338,363","5,485,463","82,963,104","21,750,969","90,118,952","40,357,396"
141950,未上場,青山織物,ｱｵﾔﾏｵﾘﾓﾉ,300-2442,茨城県つくばみらい市西ノ台１－１６－１９,栗山　亜希,ｸﾘﾔﾏ ｱｷ,0479-53-4327,"42,412,371","18,850,960","29,544,597","30,368,175","88,004,149","29,020,619"
505588,未上場,金星金属,ｷﾝｾｲｷﾝｿﾞｸ,746-0051,山口県周南市御姫町１－２０－５,大木　良平,ｵｵｷ ﾘｮｳﾍｲ,083-642-3178,"95,025,213","34,923,301","71,370,183","68,428,976","61,012,669","93,966,217"
519097,上場,月光酒造,ｹﾞﾂｺｳｼｭｿﾞｳ,633-2144,奈良県宇陀市大宇陀栗野３－１４－１３大宇陀栗野グランド３１３,堀田　五郎,ﾎｯﾀ ｺﾞﾛｳ,0747-25-7709,"21,056,096","3,365,640","11,813,972","4,990,384","51,224,303","5,483,233"
216402,未上場,大海物産,ﾀｲｶｲﾌﾞｯｻﾝ,933-0803,富山県高岡市出来田３８２０６,平川　紗耶,ﾋﾗｶﾜ ｻﾔ,076-808-1063,"7,392,076","3,611,173","40,541,439","4,372,771","20,899,903","2,629,772"
753537,未上場,日本総合病院,ﾆﾎﾝｿｳｺﾞｳﾋﾞｮｳｲﾝ,518-1417,三重県伊賀市富永４－１５－９,岡本　伍朗,ｵｶﾓﾄ ｺﾞﾛｳ,059-082-9689,"93,849,666","35,045,856","58,501,690","31,393,276","70,405,880","75,208,482"
448736,上場,星野貿易,ﾎｼﾉﾎﾞｳｴｷ,370-0117,群馬県伊勢崎市境百々３７９３４境百々スイート２１５,小椋　泉,ｵｸﾞﾗ ｲｽﾞﾐ,0274-46-8133,"84,217,113","17,780,671","75,774,880","77,010,087","82,671,589","9,851,878"
116297,未上場,白雪産業,ｼﾛﾕｷｻﾝｷﾞｮｳ,039-1542,青森県三戸郡五戸町中道十文字４５００４,福山　千恵子,ﾌｸﾔﾏ ﾁｴｺ,017-840-0459,"40,545,843","5,178,976","56,591,245","5,215,273","17,541,892","37,086,949"
471842,未上場,楓木繊維,ｶｴﾃﾞｷｾﾝｲ,923-0072,石川県小松市みどり町４－１７－１６フォレストみどり町２０６,平野　菜々,ﾋﾗﾉ ﾅﾅ,076-188-1996,"11,809,544","9,228,928","16,123,300","10,391,970","30,297,751","3,206,841"
649811,未上場,清水建設,ｼﾐｽﾞｹﾝｾﾂ,899-3515,鹿児島県南さつま市金峰町中津野３８２６３,尾上　秀幸,ｵｶﾞﾐ ﾋﾃﾞﾕｷ,099-06-5262,"38,218,655","20,051,151","5,169,977","5,717,530","86,954,477","30,526,624"
318374,未上場,神楽エンジニアリング,ｶｸﾞﾗｴﾝｼﾞﾆｱﾘﾝｸﾞ,606-8384,京都府京都市左京区新生洲町３６９０４,安斉　真治,ｱﾝｻﾞｲ ｼﾝｼﾞ,0774-1-4172,"70,458,398","8,505,608","9,327,157","22,398,587","13,456,331","29,639,231"
469222,未上場,夏木興産,ﾅﾂｷｺｳｻﾝ,859-4306,長崎県松浦市鷹島町原免４４９９１,小林　美緒,ｺﾊﾞﾔｼ ﾐｵ,095-032-3713,"32,885,201","26,156,658","78,467,361","28,331,717","4,388,829","26,167,425"
406631,上場,蒼海化学,ｿｳｶｲｶｶﾞｸ,240-0015,神奈川県横浜市保土ケ谷区岩崎町４４９７７プラザ岩崎町３０９,三橋　栄三郎,ﾐﾊｼ ｴｲｻﾞﾌﾞﾛｳ,0460-95-3967,"34,466,943","22,545,232","43,037,134","26,659,883","23,275,198","7,244,291"
287155,上場,春日製作所,ｶｽｶﾞｾｲｻｸｼﾞｮ,112-0012,東京都文京区大塚３７１２０ハウス大塚２０４,天野　菜々,ｱﾏﾉ ﾅﾅ,03-9252-1395,"63,947,217","13,185,855","22,874,317","38,648,453","24,572,464","16,338,898"
599219,上場,太陽物流,ﾀｲﾖｳﾌﾞﾂﾘｭｳ,812-0011,福岡県福岡市博多区博多駅前１－１４－６,田渕　勝也,ﾀﾌﾞﾁ ｶﾂﾔ,0946-96-1689,"33,722,951","16,754,842","32,331,996","11,422,601","25,081,414","27,137,233"
195092,上場,旭山通信,ｱｻﾋﾔﾏﾂｳｼﾝ,996-0213,山形県最上郡大蔵村赤松４－１４－６赤松スカイ４１０,伴　義美,ﾊﾞﾝ ﾖｼﾐ,023-535-1897,"53,369,627","19,896,613","52,798,856","28,977,862","24,999,032","31,904,185"
572146,未上場,鳳凰貿易,ﾎｳｵｳﾎﾞｳｴｷ,910-1305,福井県吉田郡永平寺町竹原３７９０４,羽田　葉菜,ﾊﾀ ﾊﾅ,0779-66-4805,"86,231,895","55,777,620","52,941,717","83,076,780","76,461,595","35,701,029"